№;Название;Ссылка
1;ОБЩЕСТВО С ОГРАНИЧЕННОЙ ОТВЕТСТВЕННОСТЬЮ ГАММА;https://www.list-org.com/company/14502927
2;ОБЩЕСТВО С ОГРАНИЧЕННОЙ ОТВЕТСТВЕННОСТЬЮ СТРОЙТЕХ;https://www.list-org.com/company/14514924
3;ОБЩЕСТВО С ОГРАНИЧЕННОЙ ОТВЕТСТВЕННОСТЬЮ ЭЛЕГАНТ;https://www.list-org.com/company/14518299
4;ОБЩЕСТВО С ОГРАНИЧЕННОЙ ОТВЕТСТВЕННОСТЬЮ КОНСТРУКТИВ;https://www.list-org.com/company/14419782
5;ОБЩЕСТВО С ОГРАНИЧЕННОЙ ОТВЕТСТВЕННОСТЬЮ АЛЬЯНС ПЛЮС;https://www.list-org.com/company/14500316
6;ОБЩЕСТВО С ОГРАНИЧЕННОЙ ОТВЕТСТВЕННОСТЬЮ СПЕЦИАЛИЗИРОВАННЫЙ ЗАСТРОЙЩИК ВАЛЬДО;https://www.list-org.com/company/14513910
7;ОБЩЕСТВО С ОГРАНИЧЕННОЙ ОТВЕТСТВЕННОСТЬЮ СТРОИТЕЛЬНО-МОНТАЖНЫЙ КОМПЛЕКС КРЫМ;https://www.list-org.com/company/14514601
8;ОБЩЕСТВО С ОГРАНИЧЕННОЙ ОТВЕТСТВЕННОСТЬЮ КОРВЕТ;https://www.list-org.com/company/14506579
9;ОБЩЕСТВО С ОГРАНИЧЕННОЙ ОТВЕТСТВЕННОСТЬЮ СТРОЙРЕСУРС;https://www.list-org.com/company/14514880
10;ОБЩЕСТВО С ОГРАНИЧЕННОЙ ОТВЕТСТВЕННОСТЬЮ АРТЫМ;https://www.list-org.com/company/14500827
11;ОБЩЕСТВО С ОГРАНИЧЕННОЙ ОТВЕТСТВЕННОСТЬЮ БАРН ХАУС;https://www.list-org.com/company/14501261
12;ОБЩЕСТВО С ОГРАНИЧЕННОЙ ОТВЕТСТВЕННОСТЬЮ АБСОЛЮТ СТРОЙ;https://www.list-org.com/company/14499247
13;ОБЩЕСТВО С ОГРАНИЧЕННОЙ ОТВЕТСТВЕННОСТЬЮ ВЕКТОР;https://www.list-org.com/company/14502079
14;ОБЩЕСТВО С ОГРАНИЧЕННОЙ ОТВЕТСТВЕННОСТЬЮ СИТИ;https://www.list-org.com/company/14513210
15;ОБЩЕСТВО С ОГРАНИЧЕННОЙ ОТВЕТСТВЕННОСТЬЮ СТРОЙИНВЕСТПРОЕКТ;https://www.list-org.com/company/14514775
16;ОБЩЕСТВО С ОГРАНИЧЕННОЙ ОТВЕТСТВЕННОСТЬЮ КОНТУР;https://www.list-org.com/company/14422452
17;ОБЩЕСТВО С ОГРАНИЧЕННОЙ ОТВЕТСТВЕННОСТЬЮ ЭВЕРЕСТ;https://www.list-org.com/company/14422519
18;ОБЩЕСТВО С ОГРАНИЧЕННОЙ ОТВЕТСТВЕННОСТЬЮ ГРАНИТ;https://www.list-org.com/company/14424614
19;ОБЩЕСТВО С ОГРАНИЧЕННОЙ ОТВЕТСТВЕННОСТЬЮ СК КОЛИБРИ;https://www.list-org.com/company/14429176
20;ОБЩЕСТВО С ОГРАНИЧЕННОЙ ОТВЕТСТВЕННОСТЬЮ АВТОКЛЮЧ;https://www.list-org.com/company/14499455
21;ОБЩЕСТВО С ОГРАНИЧЕННОЙ ОТВЕТСТВЕННОСТЬЮ АРКАДА;https://www.list-org.com/company/14500664
22;ОБЩЕСТВО С ОГРАНИЧЕННОЙ ОТВЕТСТВЕННОСТЬЮ АРЛЕКИН;https://www.list-org.com/company/14500697
23;ОБЩЕСТВО С ОГРАНИЧЕННОЙ ОТВЕТСТВЕННОСТЬЮ АТЛАНТ;https://www.list-org.com/company/14500997
24;ОБЩЕСТВО С ОГРАНИЧЕННОЙ ОТВЕТСТВЕННОСТЬЮ БИРЮЗА;https://www.list-org.com/company/14501574
25;ОБЩЕСТВО С ОГРАНИЧЕННОЙ ОТВЕТСТВЕННОСТЬЮ ГЕО ГРУПП;https://www.list-org.com/company/14503057
26;ОБЩЕСТВО С ОГРАНИЧЕННОЙ ОТВЕТСТВЕННОСТЬЮ ГОРОД МАСТЕРОВ;https://www.list-org.com/company/14503396
27;ОБЩЕСТВО С ОГРАНИЧЕННОЙ ОТВЕТСТВЕННОСТЬЮ ДЕЛЬТА;https://www.list-org.com/company/14503904
28;ОБЩЕСТВО С ОГРАНИЧЕННОЙ ОТВЕТСТВЕННОСТЬЮ ДИВО;https://www.list-org.com/company/14504072
29;ОБЩЕСТВО С ОГРАНИЧЕННОЙ ОТВЕТСТВЕННОСТЬЮ ИНТЕЛЛЕКТ;https://www.list-org.com/company/14505357
30;ОБЩЕСТВО С ОГРАНИЧЕННОЙ ОТВЕТСТВЕННОСТЬЮ ЛАЙН;https://www.list-org.com/company/14507053
